"Name"," Phone"," Email"," "
"","","rLmoUXHYrH@example.com",""
"","","kOd4MKBEG9@example.com",""
"","","LI9RQOi2dy@example.com",""
"","","xZhtb8lTWh@example.com",""
"","","e42dCEwNvm@example.com",""
"","","TCPAroeSrs@example.com",""
"","","66tlvLn1VI@example.com",""
"","","ACVescdWDR@example.com",""
"","","B72oageNSZ@example.com",""
"","","S8VwlJehsC@example.com",""
"","","mariamsalaheldin16@gmail.com",""
"","","mariamsalaheldin16@gmail.com",""
"","","mariamsalaheldin16@gmail.com",""
"","","mariamsalaheldin16@gmail.com",""
"","","mariamsalaheldin16@gmail.com",""
"","","mariamsalaheldin16@gmail.com",""
"","","mariamsalaheldin16@gmail.com",""
"","","mariamsalaheldin16@gmail.com",""
"","","mariamsalaheldin16@gmail.com",""
"","","mariamsalaheldin16@gmail.com",""
"","","mariamsalaheldin16@gmail.com",""
"","","mariamsalaheldin16@gmail.com",""
"","","mariamsalaheldin16@gmail.com",""
"","","mariamsalaheldin16@gmail.com",""
"","","mariamsalaheldin16@gmail.com",""
"","","mariamsalaheldin16@gmail.com",""
"","","mariamsalaheldin16@gmail.com",""
"","","mariamsalaheldin16@gmail.com",""
"","","mariamsalaheldin16@gmail.com",""
"","","mariamsalaheldin16@gmail.com",""
"","","mariamsalaheldin16@gmail.com",""
"","","mariamsalaheldin16@gmail.com",""
"","","mariamsalaheldin16@gmail.com",""
"","","mariamsalaheldin16@gmail.com",""
"","","mariamsalaheldin16@gmail.com",""
"","","mariamsalaheldin16@gmail.com",""
"","","mariamsalaheldin16@gmail.com",""
"","","mariamsalaheldin16@gmail.com",""
"","","mariamsalaheldin16@gmail.com",""
"","","mariamsalaheldin16@gmail.com",""
"","","mariamsalaheldin16@gmail.com",""
"","","mariamsalaheldin16@gmail.com",""
"","","mariamsalaheldin16@gmail.com",""
"","","mariamsalaheldin16@gmail.com",""
"","","mariamsalaheldin16@gmail.com",""
"","","mariamsalaheldin16@gmail.com",""
"","","mariamsalaheldin16@gmail.com",""
"","","mariamsalaheldin16@gmail.com",""
"","","mariamsalaheldin16@gmail.com",""
"","","mariamsalaheldin16@gmail.com",""
"","","mariamsalaheldin16@gmail.com",""
"","","mariamsalaheldin16@gmail.com",""
"","","mariamsalaheldin16@gmail.com",""
"","","mariamsalaheldin16@gmail.com",""
"","","mariamsalaheldin16@gmail.com",""
"","","mariamsalaheldin16@gmail.com",""
"","","mariamsalaheldin16@gmail.com",""
"","","mariamsalaheldin16@gmail.com",""
